{"cameraMode":{"drawMode":0,"name":"Shaded","section":"Shading Mode"},"sceneLighting":true,"audioPlay":false,"sceneViewState":{"m_AlwaysRefresh":false,"showFog":true,"showSkybox":true,"showFlares":true,"showImageEffects":true,"showParticleSystems":true,"showVisualEffectGraphs":true,"m_FxEnabled":true},"in2DMode":false,"pivot":{"x":-2.9785847663879396,"y":-2.0322892665863039,"z":-2.8482284545898439},"rotation":{"x":-0.18781842291355134,"y":0.060948874801397327,"z":-0.011678026989102364,"w":-0.9802426099777222},"size":10.920249938964844,"orthographic":false}